asin,category,brand,global_min,global_max,global_norm_sd,log_mean_price
B08WM3LMJF,172282,JBL,24.95,59.95,0.28955203674144553,3.569650264585279
B092J8LPWR,172282,HANYCONY,9.72,20.82,0.1833524892404408,2.834669916363952
B09Z6Q2MLC,172282,Acoyer,11.69,11.69,0.0,2.540814281726296
B0CQF6T2K1,172282,Roku,9.12,15.95,0.19253119281680547,2.4436645401500257
B0CZPLV566,172282,Beats,97.99,199.99,0.20050568863129345,5.073953498581825
B0D7FVQ1ZB,172282,Apple,9.99,19.99,0.16499110201512507,2.9468308531958187
B0DGJ7HYG1,172282,Apple,99.0,179.99,0.1843560745553205,4.962244665486477
B0DXXYS4BJ,172282,Roku,15.0,29.99,0.16021916970568326,3.287326795167257
B0DZ77D5HL,172282,Apple,274.0,349.0,0.06068769489886602,5.713583992600572
B0FQF5BZ8Z,172282,Apple,299.0,429.0,0.09544366700863112,5.890584718901271
B0FQFB8FMG,172282,Apple,184.0,249.99,0.07318241636696923,5.409439720277661
B0GJTXVN9Z,172282,Apple,99.0,99.0,0.0,4.605170185988092
B00SFSU53G,172282,Mounting Dream,26.99,63.36,0.1389678743197109,3.8161082284773804
B07SHFPD8S,172282,Pipishell,14.99,28.08,0.13916827939136195,3.1175654903031225
B081HH5X61,172282,Nettbe,6.99,13.19,0.20689783685132243,2.4655539212721855
B09BKCDXZC,172282,Roku,24.98,49.99,0.12005872239113964,3.8153535123454843
B09FT58QQP,172282,TOZO,19.99,19.99,0.0,3.0440461338325413
B09LYF2ST7,172282,BERIBES,18.02,41.43,0.34481390376771004,3.307113433854962
B09ZRN1N3Z,172282,KODAK,91.97,179.95,0.14779480061860267,4.839843702460559
B0BQPNMXQV,172282,JBL,24.95,54.95,0.19236594383308914,3.7860263299972594
B0BQZBMXD4,172282,Twelve South,15.99,34.99,0.07072110120619043,3.551458950249133
B0BTYCRJSS,172282,Soundcore,19.97,39.99,0.12449988364258671,3.3642030671668035
B0C8PR4W22,172282,Beats,159.99,349.99,0.2059611150630183,5.51735429817822
B0CRTYZG5C,172282,Soundcore,23.99,49.99,0.21533710231411035,3.507258387213757
B0CTNWBT1Z,172282,JBL,38.0,49.95,0.07650601858217902,3.864949760669279
B0CVM2GJCN,172282,Philips,59.49,78.93,0.06056601462919142,4.26158958681972
B0D9WWB3WX,172282,OURA,249.0,349.0,0.0429333927418513,5.838538117580416
B0FHWKYT89,172282,Btootos,32.99,32.99,0.0,3.5260663637080247
B01KBEOL5E,172282,Amazon Basics,15.16,36.29,0.15118089240234348,3.4186538091480454
B01MTB55WH,172282,Anker,21.59,98.55,0.47985236336174314,3.954106749062641
B075F6TB7F,172282,Skullcandy,3.99,19.0,0.19762300408357708,2.2043717813446406
B09SG2Q23M,172282,Anker,18.98,35.99,0.12526019385282755,3.4314746621513903
B0BT2V6KNM,172282,JBL,24.95,49.95,0.1759000767940591,3.6038538467725196
B0CLWSGNS3,172282,Beats,108.95,198.99,0.17315489076414942,5.042122939382113
B0CSXV3GK4,172282,Aptkdoe,23.39,40.83,0.12053931569825635,3.464160799338943
B0CTBCDD6D,172282,JBL,39.95,95.95,0.2280577641860262,4.228323632401849
B0D54JZTHY,172282,Apple,59.98,99.0,0.11163445809640528,4.29304854060106
B0DN45YMP6,172282,JBL,39.94,64.95,0.12709802850767726,3.7567009803552645
B0DXY833HV,172282,Roku,19.0,44.99,0.17656157131150893,3.4900319373320987
B00NJ2M33I,172282,Sony,7.99,19.99,0.17966266265650743,2.4878536137573706
B00NKYYMAW,172282,Mounting Dream,20.02,49.99,0.16481646521439036,3.4045541346201795
B072LNKHBB,172282,Amazon Basics,4.62,11.66,0.11825697016107484,2.1990549998557616
B09L951YB4,172282,Seulliya,9.7,13.54,0.14655114117978296,2.4685231705374764
B0BRTSY1N9,172282,DoHonest,24.48,44.35,0.17906244753527012,3.4316938918218973
B0CWXNS552,172282,Apple,13.91,27.98,0.17520798921221672,3.126477641293249
B0D63657GY,172282,Life360,14.0,24.99,0.14294362645423286,3.1441477414568895
B0D637HK8Q,172282,Life360,19.94,34.99,0.1267134072326134,3.305161012320097
B0DT2344N3,172282,Beats,179.95,249.99,0.07750954361922566,5.4883650306624725
B0F8XV7MPP,172282,Roku,99.97,127.98,0.07119924021779732,4.790184542511765
B0FDDJ2NWB,172282,Samsung,475.98,625.98,0.05627783026605734,6.281133478716897
B0FR2Z1S6L,172282,Apple,313.0,378.0,0.053991439706575446,5.866584020464224
B07QGXSFKQ,172282,JBL,69.95,129.95,0.14508629092585074,4.616148929199618
B09BF64J55,172282,KVIDIO,19.84,39.63,0.15374249854497724,3.292055953580882
B0C6S6TPRH,172282,Belkin,21.0,31.99,0.07938332679467089,3.27344266246562
B0CG6LMQHH,172282,Garmin,179.0,299.99,0.14665675573346543,5.500188278669054
B0D6WD2QSQ,172282,Bose,99.0,159.0,0.12200187914123028,4.895309193453841
B0DF44RTTP,172282,Roku,60.0,105.59,0.11434016217483593,4.477889009233538
B0FKW2NYJ5,172282,Roku,649.98,898.99,0.08524067196957229,6.535977787902564
B0FVXMHHRP,172282,Samsung,202.0,249.99,0.060763121352182724,5.432220071806437
B01JRNIWJG,172282,PERLESMITH,12.99,51.39,0.3922361421095328,3.267271353356085
B07RZXSJBM,172282,Alex Tech,9.99,19.88,0.19014661890052,2.710285795535822
B088Z22VYF,172282,iClever,10.99,18.99,0.1402560942952577,2.82424891359812
B0BWNYBRNL,172282,Fujifilm,69.0,93.0,0.08763102344477747,4.366777735245114
B0CTP56C5R,172282,JBL,49.93,99.95,0.1549422096466543,4.26200263111673
B0D1XD1ZV3,172282,Apple,139.0,249.0,0.1039523746094736,5.2483584446472955
B0D3J85SX4,172282,Beats,49.95,79.99,0.16598770421970613,4.186635175209283
B0D9MK23S7,172282,acer,89.99,149.99,0.18902982322320772,4.819601019776901
B0F1GF1KFC,172282,Dell,199.99,299.99,0.05627270748501917,5.616493261870984
B0F1GY8F7F,172282,Dell,79.98,110.0,0.07779195832574745,4.5612924129877594
B0FNWCYLZN,172282,Soundcore,34.99,59.99,0.16908198669307758,3.9045731014561094
B0G1PJLWLZ,172282,Samsung,249.99,249.99,0.0,5.525413097700675
B004R4N2B4,172282,KODAK,14.01,34.99,0.18628864108660384,3.0263979663416585
B08L6ZYW21,172282,Beats,29.99,69.95,0.22836364288486738,3.8166116270133603
B0B8PDHRWY,172282,KODAK,87.0,134.95,0.10372300391707391,4.602005226072207
B0BS1PRC4L,172282,Sony,32.99,69.99,0.13595123416380633,3.7438777118834308
B0CCBXRYRC,172282,Samsung,15.89,36.95,0.09991549204926327,3.161192400137703
B0CCZ26B5V,172282,Bose,159.99,359.0,0.21765210321580142,5.626342582046899
B0D8WJYSF9,172282,Google,74.99,105.93,0.05252982248713475,4.5977773495981715
B0FD5GJ9Y5,172282,Samsung,1118.8,1495.98,0.05862312897651207,7.116949169812121
B07HH1QSLB,172282,Amazon Basics,5.97,14.82,0.14536389314434967,2.484520499292126
B07N3WYLKZ,172282,cotsoco,37.99,59.99,0.1702247777765049,3.8000693743006764
B0B1LVC5VZ,172282,Soundcore,42.99,173.37,0.32072155055246565,4.104279684065451
B0CT3SGHXL,172282,Garmin,189.99,249.99,0.0598111761652256,5.472772145246732
B0CTBD4X55,172282,Roku,25.58,31.03,0.03153921520250839,3.41020978774852
B0DJFXWNT7,172282,Belkin,20.99,32.99,0.09885458030971901,3.37198084540233
B0DYJWL6QS,172282,VELCRO Brand,6.14,10.99,0.10172678321651753,2.2760640857705394
B0GQVF4SV7,172282,Apple,643.5,699.0,0.024942732932906254,6.486388035848828
B088D8JG3L,172282,KYY,111.52,174.23,0.11669186113420375,4.789934992175086
B0CHHSFMRL,172282,Sceptre,84.97,149.97,0.09067696053535511,4.71145189883509
B0DN2ZCZX6,172282,JBL,129.95,199.95,0.15911144021670232,5.030816039528779
B0F25BWMV5,172282,Fujifilm,30.64,35.99,0.022457104172152974,3.5613879936071537
B0F2M65H3S,172282,CMF BY NOTHING,19.99,49.0,0.2793681790884344,3.721723038932585
B0F53L8J78,172282,TOZO,26.99,26.99,0.0,3.331847303527362
B0FT21HKZ6,172282,Sceptre,59.97,75.88,0.06944657025945153,4.2709967864963625
B006LW0W5Y,172282,Amazon Basics,8.15,19.99,0.18062589232645626,2.669075493352413
B00DOMYL24,172282,GE,8.5,36.69,0.2566986234736303,2.7572176806032913
B00L3KO5WK,172282,Amazon Basics,3.83,13.73,0.19617623216253025,2.093663300906133
B06XVZ6Y4T,172282,LandAirSea,9.95,99.99,0.3204837119155849,3.4681371017710516
B0732MD43P,172282,avedio links,6.7,19.75,0.29626466637150856,2.6549601077993628
B07Z7YMQYT,172282,Electcom Pro,29.79,49.99,0.07951342805208331,3.737520797686323
B0BS1QCFHX,172282,Sony,75.99,178.0,0.15283382686392616,4.645772635567645
B0CRT6HQ82,172282,Soundcore,55.99,79.99,0.13236538812998044,4.296400661205825
B0D2XRXNGY,172282,Soundcore,21.99,49.99,0.21409828833750105,3.3835261352053942
B00176T9OY,172282,Midland,21.4,49.99,0.20698554233196712,3.456354008093934
B07K5214NZ,172282,ZIHNIC,17.99,19.99,0.03912943630271861,2.9792640808466837
B07TCKLJ5N,172282,JBL,14.95,24.0,0.16755311145791377,2.9895196819754393
B09XS7JWHH,172282,Sony,248.0,398.0,0.14339879911245373,5.801952797433796
B0DHVH5KCB,172282,TOZO,24.99,39.99,0.2308402585410896,3.5112468868061133
B0DMYQ32SC,172282,JBL,99.95,149.95,0.12160754918647314,4.775293156041899
B0G49SZ24N,172282,Dell,119.99,149.99,0.05346783955015536,4.972899861206323
B01HGM33HG,172282,AKASO,38.76,130.0,0.29630336988549194,4.389162580259902
B01MFCFKG5,172282,RunningSnail,15.39,24.9,0.1385086888547035,3.081997340377424
B08G84P8ZX,172282,Tonmom,8.99,8.99,0.0,2.301584592660462
B08YDW8HKX,172282,Auoace,14.99,34.3,0.2147400571667888,3.1212548290357587
B0CFV9XR2Q,172282,Picun,16.14,67.92,0.32379739902890575,3.2356581051180076
B0D1XNYKD5,172282,Amazon Basics,5.27,16.42,0.17610681139921786,2.5297416341145045
B0DYJKTHYF,172282,Amazfit,59.99,79.99,0.06861610681735264,4.33911529600327
B00Q6P4CMA,172282,Sony,6.95,14.99,0.21686259602496927,2.2131429566144525
B01018DC96,172282,TR Industrial,2.51,14.97,0.203680603877831,2.1416278459684417
B01D5H8P0G,172282,Amazon Basics,6.29,10.81,0.11657370834873611,2.3079431089886824
B07431YDWM,172282,SYNCWIRE,6.89,7.99,0.05662805662805665,2.1713368063840917
B08WJ26WP6,172282,Amazon Basics,49.55,153.74,0.18289402846730385,4.6966509083837575
B0BW9QKYZK,172282,Polaroid,39.96,52.99,0.07524062824321603,3.884205798631675
B0C1QNRGHC,172282,JBL,39.95,99.95,0.29213025048494706,4.338282247172907
B0DM5D9VPH,172282,GAXIWILO,16.98,16.98,0.0,2.8892600290434745
B0DNZCJ93D,172282,Assistrust,49.99,69.99,0.0907666743933078,4.134760641036388
B0DWC512JJ,172282,Skullcandy,74.99,129.99,0.08905380790231053,4.521438881951583
B0F7NY3VLM,172282,Sceptre,75.97,139.97,0.20608081700266187,4.588575756916156
B0G39X5N25,172282,Skullcandy,149.99,249.99,0.15431624194176963,5.376493998520491
B07KXSR99Y,172282,Sceptre,74.97,236.0,0.2441826467603275,4.814187619866357
B08HMWZBXC,172282,Soundcore,49.7,79.99,0.14200166332042946,4.308515321656669
B09MFCKZX7,172282,Pipishell,35.99,72.99,0.11569597929975219,3.843092512947965
B0B4MWCFV4,172282,Fitbit,104.96,229.95,0.10954419648452086,5.235594123798811
B0C2F5KD26,172282,Skullcandy,14.99,33.94,0.14131697125907688,3.2087045151937166
B0CTKVLHMW,172282,Samsung,177.99,297.99,0.13410886643492045,5.4718724595310455
B0D1XKVS39,172282,Amazon Basics,5.89,17.09,0.17720079841243114,2.4328438286214213
B0D6CKL4HV,172282,Samsung,139.99,201.26,0.08539685194350961,5.239920258346317
B0DCKHXDC3,172282,Apple,58.62,62.65,0.015766186010291117,4.093115235480951
B0DQSJ4QHB,172282,Amazon Basics,18.04,21.99,0.06928002086815192,3.022082048876773
B0F25C5257,172282,Fujifilm,17.49,19.99,0.012352952866325944,3.032591171132159
B0FDDKHY1B,172282,Samsung,317.98,545.98,0.10148716491901337,6.0632373673793145
B0GPY9PKD6,172282,Samsung,349.99,449.99,0.09818460738948334,5.985645147198665
B0081SRIFS,172282,PIONEER,18.31,43.78,0.13888794938653634,3.370585452594302
B0DJV4N98X,172282,KODAK,79.99,99.99,0.07232817854790452,4.563643686115832
B0DKL298QX,172282,Apple,408.0,568.0,0.08073329125774133,6.243862236687932
B0DYR3D7QQ,172282,Hisense,117.99,209.99,0.15746195922226455,4.983220362334011
B0DZ54SVWG,172282,Amazon Basics,74.92,83.29,0.027519619977834035,4.369596438015424
B0GSS72GZJ,172282,Apple,549.0,549.0,0.0,6.309918278226516
B00FRODUR4,172282,Cablelera,4.09,14.36,0.21586301619438944,2.051840971855759
B07SHBQY7Z,172282,Perytong,19.99,40.89,0.1932231119285215,3.1323098032386034
B0916TKFF2,172282,Roku,19.99,39.99,0.11435446754370257,3.634340925251616
B09QGR8FM7,172282,SMALLRT,18.97,92.7,0.5671070036877158,3.359127180472437
B0CGXYM9TP,172282,Meta,224.25,299.0,0.1382718743515986,5.5647270392599575
B0D1YQKDNL,172282,Samsung,179.94,349.99,0.1265926503472114,5.633593907915525
B0FYHP23G9,172282,OURA,99.0,99.99,0.004823142398763881,4.6088758116686535
B01AQ6OWAG,172282,Samsung,5.99,31.56,0.4817097573391443,3.040063327996284
B07D8M5DML,172282,JSAUX,6.91,9.99,0.15240597544490997,2.274861024509136
B084S7BP3Z,172282,Polaroid,64.93,92.77,0.07375431995814505,4.4034192472229865
B0C1HGKNG7,172282,JBL,19.95,59.95,0.22683188504265142,3.73830121480978
B0D43WW8F2,172282,Skullcandy,29.99,49.99,0.17458347355721116,3.7200204529356253
B0D83J6JJ9,172282,CMF BY NOTHING,59.0,76.81,0.07942934755170708,4.2672889572034585
B0FPGQZTFB,172282,Beats,169.95,199.99,0.0333973930853004,5.292309354534042
B0FR2XRSHH,172282,Apple,852.0,898.0,0.012220908612765445,6.771269705630935
B07KFDS3PT,172282,PERLESMITH,21.99,57.93,0.18398610485577346,3.438815788632691
B07Q1GHB5X,172282,Hontry,19.95,34.08,0.1683934907957228,3.349588247928925
B0C2Y6WXJ7,172282,SUVCON,46.65,69.99,0.09452228021696944,4.108041393695789
B0CT9XTKKM,172282,JBL,79.95,155.95,0.1467311349712037,4.797406976226045
B01N0782B3,172282,YINYOO,20.99,34.95,0.1296069027547978,3.315798340523853
B084TDB4HK,172282,Polaroid,23.14,36.99,0.09298404113865495,3.4197177007751813
B08PJ4KQ1G,172282,JBL,39.95,79.95,0.20924807779442167,4.130442527175661
B0CFCQVZS6,172282,Skullcandy,17.99,34.99,0.13132039199922138,3.36311240233759
B0CJYL1Q9S,172282,Samsung,53.13,118.99,0.19429969386358265,4.134830353443369
B0D8BZDPXB,172282,Bose,129.0,179.0,0.08899131605034366,4.9680191779731135
B0DH3FV295,172282,Meoilkolnm,53.99,53.99,0.0,4.007151350519724
B00B1EO1Z4,172282,D-Line,22.83,36.78,0.11626540715183888,3.3604097812045057
B00QOQU95K,172282,Mounting Dream,11.04,33.9,0.27106608673171156,2.9267670676803186
B072WC1MXT,172282,SunplusTrade,14.58,14.58,0.0,2.7459880404426023
B07J4WHNFC,172282,Panasonic,7.5,11.99,0.07977589560614473,2.3342975788904003
B0CXPR5412,172282,Nothing,78.0,122.82,0.12973280128890796,4.717103667681793
B0D9YZJ3V7,172282,Samsung,139.99,249.99,0.12825862076201985,5.292471648662894
B0F3PQHWTZ,172282,Sony,398.0,458.0,0.045555156943594105,6.055776870789837
B0GD21577Z,172282,Dell,219.99,259.99,0.037333859515287116,5.5284383371400585
B0758CVS43,172282,Amazon Basics,35.99,107.77,0.16685694388065891,4.372001273533485
B07TZJ1CMC,172282,SoloWIT,15.96,24.59,0.061601204726352124,3.212924819374761
B082WG5VTK,172282,UGREEN,7.91,9.99,0.09799213888571373,2.342492383585901
B09QT1Y48G,172282,VELCRO Brand,7.18,20.13,0.0898859137112481,2.2938633644263846
B0B1J7N2F2,172282,Mvyc,7.99,11.46,0.1415469066587342,2.4497111578843396
B0CF74G2RL,172282,Samsung,54.99,99.99,0.13450057764146386,4.463003261227953
B0CG19FGQ5,172282,DJI,569.0,979.99,0.14435437572085305,6.585505423119374
B0CP4CG1ZB,172282,Apple,134.42,262.73,0.2480831735313975,5.270333355429545
B0CQXG17RL,172282,Soundcore,41.98,69.99,0.16485141783542492,4.006880994557588
B0DRM949PC,172282,JBL,29.95,44.95,0.1877113210138577,3.567543238383131
B0FCLJD9M4,172282,Soundcore,199.99,229.99,0.06977068700869808,5.375232110316162
B0CCYKVVRH,172282,Belkin,17.81,33.99,0.15864297411170125,3.173168729241883
B0GKFLQ9SW,172282,Dell,99.99,130.51,0.056534121631697465,4.794568095511022
B000E8SWQM,172282,Woods,2.98,53.69,0.3532069731558913,2.9775928620489274
B0170RBJ9Q,172282,Sephia,11.99,30.89,0.34589477083709286,3.0339797941676707
B01JB7ZU5M,172282,PWR+,8.99,8.99,0.0,2.301584592660462
B092RCLKHN,172282,Garmin,149.0,199.99,0.08534829974809516,5.193276794807933
B0BW43GXM2,172282,WALI,27.75,54.99,0.14624800142416375,3.562260078954516
B0D79ND3N7,172282,Google,160.54,229.99,0.10588548393231277,5.325396924491417
B0DS2DF5S5,172282,DJI,309.0,356.16,0.02020275984952715,5.824026198421851
B0DT3YMDMZ,172282,Amazfit,92.22,129.99,0.09872328567309707,4.790255596584574
B0F7M3HPBD,172282,Bose,199.99,299.0,0.10487273743964713,5.601782671837827
B0FQPJXQB3,172282,LG,1556.99,2393.98,0.07397754907737339,7.602585356109788
B001EVGIYG,172282,TP-Link,12.99,38.48,0.17882812606113196,3.183060295043757
B006T9ZKAQ,172282,Koss,2.07,9.24,0.17193801507467843,1.9162280646009298
B08D6R7GQ7,172282,Avantree,14.51,24.99,0.08199418547196065,3.1067710815964915
B096SRYXMP,172282,Beats,79.0,149.99,0.2134042716424851,4.6895055575297295
B0C6FTSYQ9,172282,Deluxe Products,15.34,27.12,0.07413383763026483,3.1350760255307573
B0CDH415QV,172282,Sennheiser,179.9,449.95,0.12671339387367586,5.73160504779924
B0DTTMYBRH,172282,Polaroid,129.99,159.99,0.057706368361355516,5.019099372508386
B0FDLD34V5,172282,Bose,99.0,129.0,0.10630694610780826,4.743244715143842
B0FG8XLBJ6,172282,Sceptre,119.97,229.97,0.1347326983240585,5.108664080156913
B0FHL66FPY,172282,Hisense,177.99,349.99,0.26074593390583367,5.447295801218666
B09YLFHFDW,172282,Sony,18.0,38.0,0.1827962184592121,3.174257944604483
B0DC6GXZSV,172282,CHCORE,9.49,10.99,0.0658407554828514,2.385546613708393
B0F8YDRXNY,172282,Roku,109.99,139.99,0.07556865644876228,4.8977651703005165
B0FDKR293G,172282,Bose,379.0,449.0,0.05781331564317755,6.053615943986453
B0FDSLV3B9,172282,COMPLY,11.8,15.35,0.04952903630006479,2.737190107319045
B0FHXY7VZ5,172282,LG,99.99,120.72,0.05312907498452688,4.701131537133541
B015PK4IAW,172282,DBPOWER,55.99,59.99,0.03214669687726533,4.088605905361208
B09FP4H99P,172282,KOORUI,66.13,121.99,0.11657119991412565,4.431580501575689
B09ZVJR768,172282,VELCRO Brand,13.63,17.99,0.0746199952027825,2.7605209411432075
B0C6KFZC9Z,172282,Soundcore,64.99,99.99,0.13817678877381662,4.477687211447182
B0GN4943CW,172282,Apple,2012.0,2098.99,0.010575837235052024,7.62176446311242
B09JL41N9C,172282,Beats,149.0,199.99,0.09983782546511909,5.193750109162406
B0CKLRY533,172282,kate spade new york,15.19,40.0,0.15514465283101567,3.604116077019325
B0D637HWC5,172282,Life360,21.36,34.99,0.15819978197505852,3.431017538843862
B0F38GK1QZ,172282,Garmin,246.95,299.99,0.066199377145601,5.659356236235148
B0FC5Q65J8,172282,Panasonic,29.99,39.99,0.07958157486472149,3.554757410899216
B004PO10E2,172282,Shure,78.32,109.0,0.057559129653412866,4.543597095810229
B010OYASRG,172282,Cambridge Soundworks,17.83,63.1,0.2677903576641317,3.445635582114698
B019Z81V3M,172282,Ginsco,6.99,11.99,0.19024322504926852,2.3347882334886805
B01D5H8JW0,172282,Amazon Basics,5.31,10.3,0.11765006019568165,2.127333098629896
B07FTHL5PF,172282,Emerson,9.99,66.99,0.40379549519664615,2.9384060988832603
B07NFTCZZS,172282,HP,69.98,174.97,0.10805407713642885,4.685621911895136
B0B18TST2R,172282,Polaroid,46.44,68.12,0.08954662216214933,3.998422241214078
B0BS1T9J4Y,172282,Garmin,299.99,449.99,0.0867097765429744,6.07419978052471
B0FD4CM9SN,172282,Samsung,815.99,1095.98,0.0618489740999188,6.824212831909682
B0GQVBT32P,172282,Apple,836.5,899.0,0.022236522105956565,6.740959342813962
B07MTRQ6B3,172282,Sceptre,86.08,296.0,0.24600186593981832,5.146916319163423
B07Q7DM9HP,172282,Amazon Basics,8.48,21.37,0.16921310851836652,2.7217535805974804
B07Q8WH9TX,172282,JBL,29.95,72.0,0.14896021873024257,3.950794007444416
B07T72QG3K,172282,PERLESMITH,33.99,60.09,0.19553776262173897,3.8198199933745323
B082FJXVW6,172282,POWSAV,7.99,13.99,0.1676511209116756,2.603771720915426
B084SDXVBD,172282,Polaroid,13.0,18.99,0.07795496164388957,2.8545264863060007
B0B4MV1TGL,172282,Fitbit,139.96,299.95,0.14695280533318827,5.554200036123441
B0BQPRV3NJ,172282,JBL,59.95,109.95,0.12648620841408262,4.540085755351242
B0CLF2DNMV,172282,Samsung,169.99,278.99,0.12680915353091252,5.424904586934033
B0DVTGBCBL,172282,JBL,49.95,89.95,0.17803895993676977,4.188809654549824
B078MBL6KM,172282,PERLESMITH,15.49,53.89,0.23299264130685546,3.4119751577848487
B0C6LSD69F,172282,Samsung,199.99,379.0,0.12330571221792434,5.736875164119163
B0CG19QXWD,172282,DJI,420.0,799.0,0.2003768338193132,6.404829499062422
B0CPNYDXQL,172282,Skullcandy,97.99,209.99,0.2677550626027899,5.055099662982845
B000JJI6XA,172282,Belkin,7.0,25.94,0.25014639722085863,2.7541349189139734
B0044ABZWE,172282,KODAK,26.97,32.67,0.048971232231226645,3.4740971470590045
B071DGMNMX,172282,YiwerDer,8.99,8.99,0.0,2.301584592660462
B08NP57YRG,172282,Mifaso,24.39,51.99,0.08908202869851232,3.5193369581423073
B0787W458R,172282,DreamSky,13.38,50.7,0.28719160931999593,3.274182913659882
B07H9RYVZ4,172282,Amazon Basics,50.56,234.61,0.22008395310547843,4.30143373847201
B09M94KXPN,172282,Apple,114.99,169.0,0.1884358296349501,4.901167590043586
B0CK3XTZ2Y,172282,Apple,608.0,818.0,0.07844047463570325,6.5706491318046565
B0D5KKV2MS,172282,Hisense,129.99,203.76,0.10841684520078845,5.092806762871271
B0D7QTSXY5,172282,Beats,117.99,178.99,0.1211625133390407,4.958936601224738
B07FYXRH99,172282,DS18,34.97,38.95,0.05384199134199139,3.636532973741727
B0D1DFRKNG,172282,Samsung,229.99,399.99,0.14136954697170423,5.804463669518442
B0DYWNQMQJ,172282,Hisense,549.96,1299.99,0.2501358288345512,6.664699602441584
B0FW4H14LB,172282,TOZO,49.99,79.99,0.22013634092921933,4.0545058803877225
B0828BJGD2,172282,Apple,142.97,258.0,0.028064399464560418,5.523435817527338
B08LCPKS6G,172282,ASUS,140.2,295.89,0.13407668239399026,5.349703051271178
B091BD6KJR,172282,Samsung,5.98,16.18,0.31505540646554947,2.188968366207078
B09JWQH8XG,172282,Amazon Basics,19.99,39.96,0.1310661240044477,3.377735181675439
B0DZL719V1,172282,Alienware,269.99,399.99,0.09256023311524407,5.920161633751237
B015WBVKN2,172282,AILIHEN,14.51,16.99,0.062027692044989875,2.8503210707801334
B06XFTWCBJ,172282,Sony,32.99,72.99,0.08582309942318427,3.832975172173786
B07BB5FDS2,172282,KODAK,49.0,79.99,0.14090219371976295,4.071168178102811
B0811Q28N6,172282,WOLFBOX,139.99,149.99,0.02781453379394077,4.963515733690945
B0CT9PYXGY,172282,JBL,19.95,25.34,0.08268525267566329,3.2173746987419336
B0DGWNRBZJ,172282,Apple,183.0,298.0,0.12176693728197167,5.517054079139273
B0FWCXJVHN,172282,Apple,799.91,999.0,0.04968874679886644,6.816009919467157
B000AJIF4E,172282,Sony,74.99,113.0,0.06206503990158373,4.512221673688699
B075LT8YLR,172282,Panasonic,9.99,43.44,0.21537047225200812,3.0036708289290854
B0DCLFYFSR,172282,GoPro,499.99,649.99,0.07715404511352887,6.349925775125718
B01156N5QI,172282,MAJOR,4.88,8.65,0.17802311085065975,2.0755052331440296
B09YDS8BHK,172282,JBL,299.95,499.95,0.10229211499275587,6.022189538773927
B0BW2LVJ4P,172282,Sonos,169.0,249.0,0.09874807723077368,5.437244256094123
B0CRGJC5ZD,172282,Samsung,199.99,449.99,0.09709497311832341,5.692776791223941
B0DDM7PFLW,172282,Garmin,89.99,149.99,0.11729816412978858,4.895772715026766
B0DVH6N98L,172282,JBL,18.95,29.95,0.06477645546559363,3.0319034698588188
B0DWCRXZF2,172282,Skullcandy,8.99,14.99,0.17836031498716567,2.6382053184051197
B0G6HLWS6Q,172282,Sony,298.0,329.99,0.03556610638687937,5.782788747981268
B0000BYBVT,172282,BAYCO,3.71,20.05,0.3407864185888627,2.538843762062238
B00KZP1BUI,172282,Mount-It!,14.99,16.99,0.029595866219291573,2.8823769212247594
B0D6354JRF,172282,Life360,52.99,79.99,0.047227878905598944,4.2857349271331175
B083BT3VXZ,172282,PALOVUE,20.99,24.0,0.04539425952907441,3.1927029505641773
B08VM9JN7H,172282,Sceptre,149.97,427.49,0.256226705630317,5.627575431800609
B09VMJM5RD,172282,VELCRO Brand,7.76,15.73,0.07944665364707217,2.513377957582759
B07Z5DZM31,172282,Philips,11.89,20.92,0.1181754991073551,2.783729088793903
B0CNXKKRPH,172282,KODAK,59.99,59.99,0.0,4.110709916308365
B0DGHYQ1VJ,172282,Apple,199.0,399.99,0.11538030354877822,5.882421150481882
B0F1K9WXH8,172282,BGAVENROL,14.99,14.99,0.0,2.771963526845863
B0FDKR4RVP,172282,Bose,199.0,299.0,0.1356653944487526,5.570205659754681
B001E1Y5O6,172282,VELCRO Brand,3.99,18.98,0.17825307144673874,2.433104889808374
B07ZYR8F2W,172282,MOUNTUP,16.56,32.99,0.1580371780432846,3.2811425366306928
B0D9R2KDY9,172282,Sony,38.0,69.99,0.13040447946704023,4.04505854864394
B0F1PQD5GW,172282,PIONEER,34.99,49.17,0.12679040282393322,3.7250506504187637
B0FC3XV5DK,172282,Jabra,89.69,172.0,0.1741224020462265,4.775179451083127
B016P0BVH4,172282,KontrolFreek,14.99,25.12,0.1810909665963963,2.9450528258117514
B01LW8V8CD,172282,Skar Audio,69.45,139.99,0.1319209629639713,4.418119773451818
B06Y4FJD33,172282,WALI,14.99,16.86,0.05639297271839089,2.8391954157337636
B081CHLF46,172282,JALL,28.88,42.98,0.162678424893308,3.6449275665847534
B0CPHW5JQY,172282,AOC,139.99,203.99,0.08484088148107927,5.174385234296833
B0DS2TCW9L,172282,LG,196.99,379.99,0.14021457835669232,5.743198124215059
B0734S1YBS,172282,Otium,14.93,32.62,0.1329787417022272,3.047212908668816
B09B27J11J,172282,Ankilo,10.92,16.13,0.09209943278692755,2.76178654056947
B0B1MGSLLW,172282,ViewSonic,68.65,125.86,0.09292131891875681,4.572516457507449
B0C1QWWZR4,172282,JBL,39.95,109.95,0.2768101358431394,4.272324744867622
B0DCJRW7BB,172282,BuonaIdea,39.97,91.2,0.20572412926348055,3.9300935282114424
B0DSG9VCRH,172282,Garmin,299.99,399.99,0.06590174997922095,5.952421304692324
B0DYVRJJY4,172282,Hisense,259.99,463.74,0.1157181616520736,5.789327962940967
B0F2KLX2T3,172282,HP,107.98,269.99,0.14137568034212813,5.219696663219928
B0F5RHB9MZ,172282,AOC,79.99,99.25,0.056246067272257776,4.4667930290357125
B0BX4P4MT3,172282,Panasonic,64.92,123.99,0.10154175825302451,4.4271631969348775
B0DSK2MB15,172282,Sennheiser,179.95,329.95,0.11836057148529885,5.606898126703607
B01J6XXR38,172282,GEARit,29.88,49.98,0.15176086388774232,3.6880385834398823
B07NWB8H5S,172282,Roku,33.52,35.01,0.020648488073845214,3.5558241386228997
B088KRPCQJ,172282,Bose,163.45,279.0,0.14332985663313327,5.5165364180260115
B09GJZKQ3K,172282,JBL,79.95,129.99,0.1379162346221649,4.750962909712065
B0BGM5XPQZ,172282,Canon,69.0,129.99,0.0726902228375514,4.593081735068298
B0CDC6H66Y,172282,Garmin,348.95,449.99,0.0926509314344789,6.012758416477576
B0DWMJJQVC,172282,TCL,999.98,2079.98,0.16441188295551987,7.123026496054811
B07G95FFN3,172282,Kasa Smart,39.97,98.89,0.20048865479957226,4.233684808317751
B0BQPZ7DMV,172282,JBL,24.95,54.95,0.17509804437378662,3.847649987835487
B0D2PNH494,172282,Hisense,174.0,999.99,0.1494939566847049,6.680324647715377
B0DPGK6XQ6,172282,GE,14.08,17.32,0.05410167256486101,2.8458197483374095
B0DQ74C7CX,172282,Amazon Basics,9.95,13.48,0.09431589263257323,2.528524731610257
B086WTSMQH,172282,1byone,161.56,219.99,0.11292913066417311,5.277521371024972
B0BYNVS3RP,172282,ViewSonic,119.99,165.99,0.05737384342902418,5.039684445904049
B0CV5T2YG6,172282,Fitbit,99.95,229.99,0.17795302194836776,5.1397429270179575
B0CY6S748H,172282,Sonos,134.0,179.0,0.10296036942632847,5.114882308685873
B0G16CYYMV,172282,COMPLY,25.26,29.99,0.03343970413376076,3.3338831296593803
B002HZHUCW,172282,Sanus,42.99,104.0,0.23031379734017712,4.174314539978154
B0093162RM,172282,Philips,75.0,199.99,0.14177650896811397,4.8353684517937126
B071S84ZW7,172282,ASUS,149.0,259.0,0.09272419372803277,5.399581565182434
B0D636SL59,172282,Life360,29.99,44.99,0.11357571095927271,3.743645160968927
B0DW97VBWL,172282,JBL,49.95,109.95,0.2601402467703527,4.227607237211627
B0FJWQP6LX,172282,Google,339.99,399.99,0.06921095731054051,5.92237414339239
B07YP9FBMM,172282,NVIDIA,149.99,283.31,0.03900013988070558,5.2921996258547805
B083M8DP6X,172282,Apple,382.67,393.04,0.013368397983782605,5.963206523486983
B0BSVQ37CB,172282,Garmin,99.0,149.99,0.14761091113678215,4.836742575065379
B0DYD56G2Y,172282,DJI,329.0,450.45,0.08637053116390508,5.894546861672807
B0FCFJ7W9H,172282,Samsung,2103.97,2793.97,0.06980125324804305,7.820991119916698
B0FCTHXNC5,172282,COMPLY,21.89,29.99,0.05875867999558129,3.352118416103694
B0FPZPF71Z,172282,Canon,379.0,479.0,0.10420343194656218,6.082788112376044
B0B4VXHBNP,172282,COSMUSIS,42.15,79.99,0.3098084165711479,4.128262780425561
B0B5MC3G1Y,172282,Belkin,35.62,56.81,0.046583699196393345,3.6645023919307107
B0CL9RXRVX,172282,ViewSonic,109.99,279.99,0.0724641959288621,5.518812039545367
B0CWVXTK6Z,172282,Sony,128.0,249.99,0.16204998696577472,5.1977989659484845
B0FTT4GXK4,172282,TCL,389.99,599.99,0.16645859272496016,6.184940151094104
B0GLRBGV3J,172282,Panasonic,24.99,28.4,0.031132075359226984,3.291923494840444
B07889DGLD,172282,DIRECTV,5.77,19.47,0.2871754322829126,2.169661418407066
B0797LMJF5,172282,Command,6.06,31.52,0.24170789654098898,2.6058219911604676
B08B6FMPTP,172282,Plugable,99.95,99.95,0.0,4.614625344758847
B0CG7GHYXJ,172282,Polaroid,79.99,119.99,0.05707602182138665,4.608196221812517
B0D8LH2VSP,172282,Acer,149.99,219.99,0.1017470741292496,5.189878362414069
B0DCLRRHSP,172282,GoPro,169.99,219.99,0.06819187508405627,5.302293875973668
B0DZ743XN6,172282,Apple,649.99,849.0,0.056352412344400894,6.670663212470051
B0FTT4VH34,172282,Samsung,179.99,249.99,0.09426863769023248,5.411618578950191
B002NU5O9C,172282,Targus,16.25,46.59,0.16036172286802441,3.508960844504384
B0787WGCXT,172282,ViewSonic,135.99,332.0,0.14915940483710222,5.316020627585765
B09PSKG7C3,172282,Garmin,231.0,399.99,0.09845957620140423,5.886914626252825
B0G31P119K,172282,JBL,129.95,129.95,0.0,4.874815570953721
B0CTBF4MKS,172282,Roku,59.0,129.0,0.09094483306545859,4.48528393437569
B0DY8BRMM5,172282,KODAK,99.0,122.01,0.04089406113924841,4.697996344748686
B06XKPQ6YZ,172282,LeeKooLuu,37.99,60.18,0.06375307703359752,3.949859625071099
B07PXGQC1Q,172282,Apple,69.0,199.99,0.2188435367549846,4.750848890586691
B00VBUGPW0,172282,Skar Audio,27.99,40.95,0.09127649776726693,3.5050527651766767
B01FHNBKYO,172282,JACKYLED,31.28,63.49,0.21318527746027255,3.6372059705045574
B07BB8LSM1,172282,GE,9.34,43.7,0.19857105429195024,2.9940280730880504
B07C2Z21X5,172282,Canon,329.99,579.0,0.08157786496474374,6.0947151120296015
B07HKQ6YGX,172282,JBL,89.0,179.95,0.13839412119676467,4.780605516496384
B0DM6S4FMH,172282,ASUS,99.0,214.0,0.14434000343833256,4.95641267354675
B008GRTSV6,172282,Arduino,9.99,29.95,0.17458549494924547,3.1148498220785417
B01CG8N0H8,172282,BOSS Audio Systems,28.99,54.46,0.18071432902527018,3.70535492540172
B083JKSSR5,172282,Kasa Smart,18.99,39.99,0.19084953234475507,3.4203760751444916
B0CNCHLR56,172282,Soundcore,29.99,50.92,0.12113928785326038,3.7783788651351027
B0FLL354M2,172282,LG,94.9,149.99,0.1468308727735403,4.76464630332479
B000J1FABY,172282,BOSS Audio Systems,11.0,56.99,0.24008909652834934,3.003674984296101
B0BWPK91TB,172282,Apple,130.82,212.4,0.09776330349381647,5.168132532446869
B0DC17VXTL,172282,Power Watchdog,303.46,433.56,0.08042566566956794,5.914539405327464
B0DJWQ1FV1,172282,CEACO,12.24,27.99,0.14125818150958308,3.2684010455062364
B0F3MMK1J4,172282,AOC,49.99,123.02,0.32405627134019005,4.384024637336554
B08PZDSP2Z,172282,Apple,379.99,550.0,0.08754598160202716,6.169769982536663
B09VM2TBZF,172282,Skullcandy,9.88,39.99,0.17506287534295986,3.440135159045919
B0BQPSX5CR,172282,ASUS,347.36,499.0,0.07256110248234277,6.100605178226609
B0C1Q9QDQP,172282,JBL,39.95,109.95,0.3355684356819987,4.231858255192658
B0C29CMM4R,172282,Sony,38.0,59.99,0.1492907309806374,3.9534528151912856
B0DVZY44YR,172282,Samsung,499.99,749.99,0.11036474726803315,6.40976854942428
B019Y7VLUM,172282,Skar Audio,33.99,93.49,0.10607710579422118,4.127727236318681
B071J1BPHW,172282,DS18,38.37,79.99,0.15195320449061225,4.193808078689807
B08J7QWJ91,172282,PERLESMITH,38.91,68.34,0.09883339005791866,3.907462002566192
B09D5PW315,172282,Garmin,174.29,299.99,0.12110193242516928,5.503625799195505
B00DESZGFO,172282,ORION,13.54,33.92,0.14112218591328188,3.2973137948838818
B07BDQQVN2,172282,WALI,26.58,99.99,0.16164712601145678,3.6566414274646784
B082KJCR7N,172282,Meta,381.65,449.0,0.05758994955171056,6.035523787890991
B08N67H3CK,172282,Addtam,7.47,24.51,0.13103464972341416,2.601385296924399
B09NBVS84T,172282,Logitech,65.0,107.99,0.09274260149744322,4.550702295437841
B0FFCKFWQX,172282,AOC,229.99,289.99,0.09652667164026747,5.5962529417135345
B08NLCW9WY,172282,JBL,149.99,379.95,0.2135663922020307,5.611669832447857
B0BCH5H2R3,172282,Roku,11.99,34.98,0.1490911993661366,3.2984198701786784
B0BJDY6D1W,172282,WiiM,112.82,169.0,0.09130567514748296,4.992977749080527
B0CQ1CVW3Z,172282,JBL,49.88,129.99,0.21283250607692017,4.645261684252716
B0DR9LFNGX,172282,Samsung,129.99,196.65,0.11266703700465072,5.111209433550115
B0F1FR8V1T,172282,IZLTUV,37.98,53.87,0.1262104495300573,3.892840186011372
B07YVMJFB9,172282,Taramp's,77.59,99.19,0.08448021532617854,4.430229891953276
B08D1VF18M,172282,LG,32.29,49.99,0.13195240427952612,3.7761078214483472
B08GNHJB6X,172282,NVIDIA,28.5,40.99,0.138999538912882,3.5466604330918483
B0BF6T86WD,172282,Canon,99.0,179.0,0.12137300191658087,4.8171320581916515
B0C1KPXPM9,172282,Samsung,196.99,379.99,0.11849055681755405,5.707093594058725
B0CMC2FZFD,172282,LG,136.99,202.95,0.08785588906780568,5.121234525229207
B0CTJR2C5X,172282,Soundcore,39.99,69.99,0.14189172867934577,4.1560196125374524
B003L1717K,172282,Monoprice,3.2,11.69,0.22252448766001318,1.9894981543595143
B073QX1ZMS,172282,ECHOGEAR,57.92,141.95,0.21229682976062936,4.591114082418157
B07K1L5N7H,172282,WALI,25.19,43.03,0.08842418374577031,3.561049921663021
B0BVWNK619,172282,Sakar,12.45,24.99,0.13231637333815233,3.004014061153437
B0CLNBSHBY,172282,LecLooc,8.99,13.11,0.09623706775129767,2.6112455718310184
B0D1XH8NJP,172282,Amazon Basics,14.38,26.58,0.1474353790317296,2.972927923369818
B0D2FSYS5J,172282,LG,186.99,299.99,0.08967296757494381,5.61934115892249
B0846VRJV8,172282,Skar Audio,156.07,229.99,0.17298579821911708,5.219458124968828
B09478CKG2,172282,N NOROCME,13.21,27.97,0.1003817472419933,3.1271188946813058
B0F6VCDJM9,172282,acer,119.99,189.99,0.14814102400628515,5.077852515976039
B002QPZXH2,172282,Belkin,13.7,34.09,0.2579442304003548,3.0724865918448767
B074CFGG8G,172282,JVC,5.99,22.74,0.31567744247484825,2.359919283118201
B07HB8V9LQ,172282,Skullcandy,11.0,31.99,0.16139756843719436,3.0529232097910777
B07WCNYGM1,172282,PERLESMITH,28.99,54.99,0.11828473025993616,3.8546733968410583
B0CT6D6Q27,172282,JBL,99.95,219.95,0.19459877659105979,5.123924862991964
B00001R3W3,172282,KODAK,6.99,29.95,0.10253715554599885,2.964282342149124
B01MT1T425,172282,THE CIMPLE CO,12.97,27.04,0.250998387508384,2.926382195419198
B08W5BN4FK,172282,Pyle,23.97,72.0,0.15101644843341971,3.7667913754501505
B0BVSXY216,172282,Apple,108.68,171.67,0.09365907146595553,4.896827416185015
B0CF2QYW8H,172282,Victrola,48.68,89.79,0.13276594661330338,4.1374808819721585
B00NMJTEC6,172282,Skar Audio,20.79,42.38,0.12209281678623597,3.357789089295599
B073QNVQK5,172282,PROGRACE,16.84,23.17,0.12981433003320733,3.0848545163361085
B07Y9FPW21,172282,PIONEER,76.32,136.62,0.10974252049435806,4.600245285758289
B0B3MNRDGL,172282,CRUA,89.79,99.99,0.05175875615631036,4.552718325985667
B0BVVMVHSY,172282,Rythflo,39.99,49.99,0.0857610286575601,3.878650756617807
B00HH4AU1Q,172282,Fujifilm,22.79,44.99,0.0817077052237836,3.2416940936951444
B00QOOZ4DE,172282,Mounting Dream,18.77,44.85,0.17177979833584892,3.5945034689614155
B017JS6PD6,172282,DS18,25.71,52.95,0.09256635472683564,3.6631040995048343
B078XR8C15,172282,Esky,22.99,27.99,0.051836182107905374,3.2744997286161976
B09HC5GRKY,172282,WiiM,89.0,89.0,0.0,4.499809670330265
B09V9P5Q6W,172282,JBL,74.95,169.95,0.1582722766962457,4.629924395399517
B0C546P8BQ,172282,COMPLY,16.95,19.99,0.04112123544077677,2.975979070323778
B00004WLJ6,172282,Gardner Bender,4.59,15.98,0.17626655827346938,2.3233149340794177
B00NBC3IVW,172282,ORION,44.95,61.6,0.06488991231768466,3.961778417881244
B0797MY6JB,172282,Sony,85.0,158.0,0.09301875940082538,4.648964304822448
B0863FR3S9,172282,Sony,129.99,349.99,0.20993295208432816,5.613788783896798
B0FNQ4B2Z2,172282,LG,465.98,799.99,0.15946517349531594,6.33847387609752
B0D526GSYY,172282,NETGEAR,414.99,699.99,0.14051763826981634,6.387603303048454
B0D9R7Q449,172282,LG,176.99,249.99,0.070068037537611,5.4868058018888695
B0DJMFS75S,172282,Apple,92.0,112.86,0.029138598272436773,4.652744581648497
B0F7S243MJ,172282,UltraPro,9.99,11.55,0.04119041997780183,2.460016100942874
B0CHN2D8KM,172282,Samsung,18.79,40.58,0.1571301084623429,3.2141044599893096
B0CL3P2YHF,172282,Beats,166.75,296.99,0.15820450270880007,5.444446833088254
B0CQXHLJ81,172282,AILIHEN,26.98,29.99,0.052551487153713924,3.3767095100156883
B0F5QPF2YC,172282,Victrola,54.99,74.13,0.08985666513187435,4.238478205674724
B005VULXA0,172282,StarTech.com,4.49,18.86,0.19820308651808247,2.487952550420154
B0CT9MB4WR,172282,JBL,49.95,119.95,0.17081640266805462,4.465314877909954
B0D1CPPL85,172282,LG,176.99,279.99,0.16494397236353597,5.426680570644817
B0D1JNW26R,172282,TCL,59.99,129.99,0.16925372148903634,4.483995544678273
B0F5VLWQY6,172282,Samsung,299.99,499.99,0.14283340980429934,6.093295627344081
B0F66MS88R,172282,CMF BY NOTHING,69.0,99.0,0.09822220390575254,4.448717785158192
B0FL9Y93H2,172282,Roku,497.99,649.98,0.0735226104238764,6.3228440759740945
B0FP4SCNWD,172282,Technics,224.99,299.99,0.09477702912544948,5.618764563937173
B0DMHV5BG9,172282,msi,83.95,119.99,0.07195821102250699,4.634186652739627
B0000511U7,172282,TRIPP LITE,46.39,102.99,0.18182895392213982,4.386491621835226
B000JE9LD4,172282,Belkin,23.92,44.99,0.14994218120262243,3.658997931152868
B08QMG7Z4R,172282,Aprolink,9.99,14.76,0.12729393740278852,2.6664176930193766
B09G9FPHY6,172282,Apple,179.0,469.99,0.1293795900911723,5.630735427210016
B0B2J7WSDK,172282,GL.iNet,96.71,109.9,0.04765076599924225,4.673541811910393
B0FF5JJ3CP,172282,Samsung,249.99,399.99,0.09743223113804632,5.781744607523588
B00378KMFU,172282,Polk Audio,142.9,349.0,0.1607073134818312,5.298132183346927
B088F7SY6S,172282,Anker,119.99,279.99,0.18863985720934617,5.178736984925347
B09CY995KT,172282,Tuitager,18.35,37.99,0.21443412559891162,3.260344010561961
B09ZWG648V,172282,VIZIO,12.99,25.89,0.09292495081161124,3.058678328410343
B0CJVK87Y7,172282,acer,145.0,199.99,0.08443772292898145,5.186472912557917
B0D3WGM8X8,172282,LG,199.99,329.99,0.07987376122924718,5.714978696104845
B07N5MG9LP,172282,BenQ,69.99,163.31,0.1602517587723359,4.685627739727795
B081QPF19F,172282,ECHOGEAR,19.99,34.8,0.2158413286471628,3.301237670782395
B08KDZ2NZX,172282,Soundcore,32.49,49.99,0.16270520170357905,3.8266012733741506
B0D826GXQ3,172282,Fujifilm,89.95,116.95,0.07679037065000618,4.635466414380463
B0DX2LNZ68,172282,Bose,269.99,449.0,0.14318945648456502,5.962911190990422
B00ECDM78E,172282,Plugable,89.0,391.48,0.6749670053401011,4.994643740252918
B087KG4C1H,172282,Amazon Basics,3.99,11.43,0.16268780650503067,2.1949504728521863
B08LF1F981,172282,Garmin,459.99,519.99,0.025144267776824384,6.222183721038734
B0DS2B3P2B,172282,DJI,199.0,289.0,0.14502324209112197,5.444343451305486
B0DWGS5977,172282,Sony,84.99,94.99,0.01704738547267681,4.552704274529233
B0FV8MD221,172282,Matsusho,9.99,12.22,0.09124236158048817,2.523325759691945
B01J4KU2UO,172282,Gvirtue,9.99,14.77,0.08650842701368791,2.642900865436097
